config,engine,count,labeled_count,errors,avg_lines,avg_chars,avg_unique_tokens,avg_confidence,title_evidence,manufacturer_evidence,grape_evidence,year_hit_rate,metadata_token_recall,quality_score,ocr_catalog_top1,ocr_catalog_top5,ocr_catalog_mrr,ocr_target_margin,avg_latency_ms,p95_latency_ms,coverage_gain,quality_gain
ensemble_glm_rapid_multiview,ensemble,65,57,0,12.23076923076923,104.03076923076924,16.26153846153846,0.8687516206305347,0.8287311764043066,0.7588603727737057,0.6646830169510258,0.05263157894736842,0.6155214579071399,0.7429788456498951,0.14035087719298245,0.42105263157894735,0.2995643465272661,-0.03075689391085976,8129.220110769025,11377.979480000795,1.182698515171078,0.24593631313300107
ensemble_glm_current,ensemble,65,57,0,9.892307692307693,88.44615384615385,13.815384615384616,0.9255032896722687,0.8193961459143646,0.7492325323763116,0.6577695836109997,0.05263157894736842,0.6092016187436227,0.7344925703166645,0.14035087719298245,0.47368421052631576,0.3038139565012677,-0.03606767926299781,4686.542156922727,6965.099779999582,0.8557133634602969,0.23745003779977042
ensemble_glm070_current,ensemble,65,57,0,9.861538461538462,85.52307692307693,13.415384615384616,0.7996142149504576,0.8044724165210246,0.7447512484454488,0.6408826236356686,0.05263157894736842,0.5859641484236373,0.7210618673066725,0.15789473684210525,0.38596491228070173,0.2839917669382108,-0.04318297327610485,4686.542156922727,6965.099779999582,0.7943834732085218,0.22401933478977848
ensemble_glm035_current,ensemble,65,57,0,9.876923076923077,85.58461538461539,13.4,0.6817128293588497,0.8041043635213926,0.7448550582658579,0.638490279138061,0.05263157894736842,0.5859641484236373,0.7204857228034025,0.17543859649122806,0.3157894736842105,0.25750065402254735,-0.04976724009764822,4686.542156922727,6965.099779999582,0.7956746287927696,0.22344319028650844
ensemble_glm050_current,ensemble,65,57,0,9.876923076923077,85.58461538461539,13.4,0.7317508179852636,0.8041043635213926,0.7448550582658579,0.638490279138061,0.05263157894736842,0.5859641484236373,0.7204857228034025,0.15789473684210525,0.3508771929824561,0.26784326084053633,-0.04787263431047138,4686.542156922727,6965.099779999582,0.7956746287927696,0.22344319028650844
ensemble_glm_easy,ensemble,65,57,0,13.107692307692307,105.13846153846154,15.76923076923077,0.7780683776012901,0.8014609919734574,0.7224623669518833,0.6600814978853063,0.05263157894736842,0.5998347847511747,0.7192415745660126,0.19298245614035087,0.40350877192982454,0.30960766235698944,-0.036371153697632906,4398.890686153642,6728.741179998905,1.2059393156875404,0.2221990420491185
glm_detail,vlm,65,57,0,6.938461538461539,72.4,10.815384615384616,nan,0.7985459656789297,0.7112128713446402,0.6503109360888594,0.05263157894736842,0.5918290787980549,0.7116914984284974,0.08771929824561403,0.43859649122807015,0.25533383363357864,-0.025931056131396377,3645.44874615374,5823.543059999792,0.5190445448676566,0.21464896591160337
paddle_vl15_detail,vlm,2,2,0,7.0,90.5,14.5,nan,0.8235897435897436,0.5904480135249366,0.7704081632653061,0.0,0.4433139534883721,0.6859695399902082,nan,nan,nan,nan,52983.13324999981,84907.21869499866,0.8988056810845706,0.1889270074733141
rapid_small_1024_low,rapidocr,12,10,0,6.75,53.916666666666664,8.75,0.8305195138888889,0.7317514314428191,0.6174627264844655,0.5811472024894946,0.1,0.5029798185226756,0.6330282322266266,nan,nan,nan,nan,2166.772858332782,2524.0879449991553,0.13124058532386473,0.13598569970973257
rapid_small_1280_low,rapidocr,12,10,0,6.75,53.916666666666664,8.75,0.8305195138888889,0.7317514314428191,0.6174627264844655,0.5811472024894946,0.1,0.5029798185226756,0.6330282322266266,nan,nan,nan,nan,2087.44697499939,2420.4389799997443,0.13124058532386473,0.13598569970973257
rapid_small_1280_multiview,rapidocr,65,57,0,9.923076923076923,75.3076923076923,11.984615384615385,0.7888400135557088,0.6678573365601717,0.6975999775266783,0.5556001298334511,0.05263157894736842,0.46707486518803204,0.6242113167989586,0.21052631578947367,0.42105263157894735,0.32820027913479366,-0.036117909247415106,4483.771364615285,5291.034760000184,0.5800516462233698,0.12716878428206452
rapid_small_1280_boost,rapidocr,12,10,0,6.583333333333333,53.416666666666664,8.416666666666666,0.8404732066197691,0.7188842985756861,0.606817815839555,0.5421228281710027,0.1,0.4843751673598849,0.6147356899915399,nan,nan,nan,nan,2479.5971833333774,2828.546229999847,0.12074994620185064,0.11769315747464587
rapid_small_1600_low,rapidocr,12,10,0,6.583333333333333,49.25,8.083333333333334,0.8596093660714286,0.7002787558391274,0.6183407373624765,0.5326678349634739,0.1,0.45247856538984355,0.6050051375536089,nan,nan,nan,nan,2695.6340083334,3045.1492399999547,0.03332795351839901,0.10796260503671479
rapid_small_1280_very_low,rapidocr,65,57,0,8.584615384615384,66.75384615384615,10.553846153846154,0.7849631947929848,0.6380592949390586,0.6859809307106964,0.5385600831974547,0.03508771929824561,0.4302349765770458,0.6013622955679272,0.19298245614035087,0.45614035087719296,0.32918907221427884,-0.040316861972474215,2323.7124061538243,2991.652780000731,0.4005810200129116,0.10431976305103313
rapid_small_1280_eslav,rapidocr,65,57,0,7.861538461538461,60.90769230769231,9.553846153846154,0.808235642806904,0.610933432129252,0.6825872108310819,0.5065469464869747,0.03508771929824561,0.41255873811090477,0.5817960645085934,0.15789473684210525,0.38596491228070173,0.2773842533184111,-0.047073920567830406,2361.706723077077,3103.7575000002103,0.2779212395093609,0.08475353199169938
rapid_tiny_1024_low,rapidocr,12,10,0,6.416666666666667,45.5,7.666666666666667,0.8450058223304473,0.6889953292321713,0.609221725061646,0.4457636866122813,0.1,0.4457160194902108,0.5799250229957416,nan,nan,nan,nan,1042.7360250008253,1409.6265699998182,-0.045351839896707546,0.08288249047884749
rapid_tiny_1280_low,rapidocr,12,10,0,6.416666666666667,45.5,7.666666666666667,0.8450058223304473,0.6889953292321713,0.609221725061646,0.4457636866122813,0.1,0.4457160194902108,0.5799250229957416,nan,nan,nan,nan,1136.035399999552,1732.921239999814,-0.045351839896707546,0.08288249047884749
rapid_small_736,rapidocr,12,10,0,6.25,47.083333333333336,7.833333333333333,0.8448487601010101,0.7036984422133592,0.6174627264844655,0.4239666357795161,0.1,0.40643030520449647,0.5772911456565931,nan,nan,nan,nan,2197.0819583339107,2600.853965001261,-0.01213148267699593,0.08024861313969905
easyocr_ru_en_detail,easyocr,65,57,0,10.938461538461539,67.50769230769231,10.23076923076923,0.6553100891979632,0.6667245428902991,0.5046176276277091,0.5760124133000374,0.05263157894736842,0.45113914805128114,0.5676122331676171,0.12280701754385964,0.3684210526315789,0.25577933129602076,-0.033592658084735535,753.4419399999024,925.6901599976118,0.41639767591994836,0.07056970065072304
rapid_current,rapidocr,65,57,0,6.6461538461538465,47.66153846153846,7.769230769230769,0.8440955609423256,0.53434993269399,0.6008116165537166,0.416672357291922,0.05263157894736842,0.30961399766332137,0.49704253251689406,0.21052631578947367,0.49122807017543857,0.33115539815236245,-0.047113755293059764,1041.0934107689873,1279.0149399981601,0.0,0.0
tessjs_engrus_psm11_detail,tesseract.js,65,57,0,17.923076923076923,63.646153846153844,19.953846153846154,0.46907692307692306,0.4833539231182417,0.43964903869602695,0.4277298508681521,0.03508771929824561,0.19789287961295804,0.4162984868157668,0.10526315789473684,0.3333333333333333,0.2158424540338193,-0.1574944487789221,1115.5737861538453,3021.045820000005,0.33537766300839245,-0.08074404570112725
rapid_medium_1024_low,rapidocr,1,1,0,5.0,32.0,5.0,0.875116,0.46717948717948715,0.6223776223776223,0.13988095238095238,0.0,0.21875,0.41101479770229765,nan,nan,nan,nan,16400.850599999103,16400.850599999103,-0.32859909619109107,-0.08602773481459641
tessjs_engrus_psm6_detail,tesseract.js,65,57,0,18.123076923076923,122.32307692307693,33.93846153846154,0.4341538461538461,0.4739038223162434,0.42998787990293436,0.37088212763224154,0.05263157894736842,0.17668813842438985,0.39554234807167227,0.10526315789473684,0.22807017543859648,0.17157435098952314,-0.1969610891844097,1947.6647384615385,4710.237319999999,1.566494512588767,-0.1015001844452218
