file,group,label_status,expected_slug,before_top1,after_top1,before_expected_rank,after_expected_rank,top1_changed,manufacturer_gate,manufacturer,manufacturer_score,manufacturer_candidates,before_top5,after_top5
48.98_02-09-2026_18-34-15.webp,top1_correct,exact,denisov_rubin_klaret_krasnaya_strelka,denisov_rubin_klaret_krasnaya_strelka,denisov_rubin_klaret_krasnaya_strelka,1,1,False,True,Denisov Winery,0.9976,21,denisov_rubin_klaret_krasnaya_strelka|denisov_pino_noir_klaret|znoj-denisov-vajneri|denisov_pazori_risling|aratti-risling-beloe-polusuhoe,denisov_rubin_klaret_krasnaya_strelka|denisov_pino_noir_klaret|znoj-denisov-vajneri|denisov_pazori_risling|denisov-winery-risling-beloe-suhoe-115
70.45_04-09-2026_13-35-37.webp,top5_miss,needs_exact_wine,,zmv-koktebel-portveyn-krasnoe-kreplyonoe-kaberne-sovinon-sladkoe-17,esse-merlo-krasnoe-suhoe-135,,,True,True,ESSE,0.9978,53,zmv-koktebel-portveyn-krasnoe-kreplyonoe-kaberne-sovinon-sladkoe-17|usadba-divnomorskoe-yuzhnyy-les-merlo-krasnoe-suhoe-137|vinodelnya-begildeeva-kaberne-sovinon-merlo-krasnoe-suhoe-14|usadba-divnomorskoe-west-hill-blend-kaberne-sovinon-krasnoe-suhoe-145|fanagoriya-q-blanc-sovinon-blan-beloe-suhoe-14,esse-merlo-krasnoe-suhoe-135|esse-kaberne-fran-krasnoe-suhoe-13|esse-kaberne-sovinon-krasnoe-suhoe-14|esse-esse-sira-krasnoe-suhoe-12|esse-saperavi-krasnoe-suhoe-13
82.33_27-08-2026_10-03-52.webp,top5_miss,needs_exact_wine,,leto-risling-2024-polusuhoe-vino,leto-risling-2024-polusuhoe-vino,,,False,False,,0.5929,0,leto-risling-2024-polusuhoe-vino|leto-muskat-oranzh-2024-suhoe-vino|leto-risling-2024|leto-kaberne-fran-2024-polusladkoe-krasnoe|leto-shardone-2023-suhoe-beloe,leto-risling-2024-polusuhoe-vino|leto-muskat-oranzh-2024-suhoe-vino|leto-risling-2024|leto-kaberne-fran-2024-polusladkoe-krasnoe|leto-shardone-2023-suhoe-beloe
84.73_07-09-2026_11-07-51.webp,top1_correct,exact,zhemchuzhnaya-9-aligote-czitron,zhemchuzhnaya-9-aligote-czitron,zhemchuzhnaya-9-aligote-czitron,1,1,False,False,,0.6632,0,zhemchuzhnaya-9-aligote-czitron|zhemchuzhnaya-9-czitron-shardone|zhemchuzhnaya-9-czitron-shardone-1|zhemchuzhnaya-9-sovinon-blan-aligote|zhemchuzhnaya-9-risling-sovinon-blan,zhemchuzhnaya-9-aligote-czitron|zhemchuzhnaya-9-czitron-shardone|zhemchuzhnaya-9-czitron-shardone-1|zhemchuzhnaya-9-sovinon-blan-aligote|zhemchuzhnaya-9-risling-sovinon-blan
87.09_22-08-2026_20-57-16.webp,top5_miss,needs_exact_wine,,vinodelnya-pokrovskaya-pokrovskoe-krasnoe-kaberne-sovinon-suhoe-14,rubin-golodrigi,,,True,True,Табия,0.998,9,vinodelnya-pokrovskaya-pokrovskoe-krasnoe-kaberne-sovinon-suhoe-14|vinodelnya-pokrovskaya-pokrovskoe-sladkoe-krasnoe-kaberne-sovinon-13|vinodelnya-pokrovskaya-sovinon-blan-pokrovskoe-beloe-suhoe-12|vinodelnya-pokrovskaya-risling-pokrovskoe-risling-reynskiy-beloe-suhoe-13|vinodelnya-begildeeva-kaberne-sovinon-merlo-krasnoe-suhoe-14,rubin-golodrigi|pobeda|kaberne-sovinon-2|czitronnyj-magaracha|roze-2
87.54_03-09-2026_13-27-53.webp,top5_correct,exact,relikta-relikta-sira-kaberne-fran-krasnoe-suhoe-13,artvin-odesskiy-chernyy-rezerv-krasnoe-suhoe-13,relikta-relikta-shardone-beloe-suhoe-12,4,3,True,True,Реликта,0.9946,17,artvin-odesskiy-chernyy-rezerv-krasnoe-suhoe-13|relikta-relikta-shardone-beloe-suhoe-12|relikta-relikta-merlo-kaberne-sovinon-krasnoe-suhoe-135|relikta-relikta-sira-kaberne-fran-krasnoe-suhoe-13|artvin-kaberne-sovinon-grand-rezerv-krasnoe-suhoe-13,relikta-relikta-shardone-beloe-suhoe-12|relikta-relikta-merlo-kaberne-sovinon-krasnoe-suhoe-135|relikta-relikta-sira-kaberne-fran-krasnoe-suhoe-13|relikta-relikta-muskat-beloe-polusuhoe-12|relikta-relikta-kaberne-sovinon-krasnoe-suhoe-135
87.81_09-09-2026_17-16-36.webp,top5_correct,exact,aya-organic-wine-vineyards-purity-in-chenin-blanc-shenen-blan-beloe-suhoe-11,aratti-kaberne-po-belomu-1,aratti-kaberne-po-belomu-1,4,4,False,False,,0.3521,0,aratti-kaberne-po-belomu-1|aya-organic-wine-vineyards-purity-in-merlot-merlo-rozovoe-suhoe-134|aya-organic-wine-vineyards-purity-in-syrah-sira-rozovoe-suhoe-132|aya-organic-wine-vineyards-purity-in-chenin-blanc-shenen-blan-beloe-suhoe-11|aya-organic-wine-vineyards-purity-in-syrah-sira-krasnoe-suhoe-146,aratti-kaberne-po-belomu-1|aya-organic-wine-vineyards-purity-in-merlot-merlo-rozovoe-suhoe-134|aya-organic-wine-vineyards-purity-in-syrah-sira-rozovoe-suhoe-132|aya-organic-wine-vineyards-purity-in-chenin-blanc-shenen-blan-beloe-suhoe-11|aya-organic-wine-vineyards-purity-in-syrah-sira-krasnoe-suhoe-146
87.88_28-08-2026_16-56-20.webp,top5_miss,needs_exact_wine,,massandra-portveyn-belyy-gurzuf-kokur-belyy-beloe-sladkoe-135,massandra-portveyn-belyy-gurzuf-kokur-belyy-beloe-sladkoe-135,,,False,False,,0.5336,0,massandra-portveyn-belyy-gurzuf-kokur-belyy-beloe-sladkoe-135|massandra-portveyn-krasnyy-livadiya-kaberne-sovinon-krasnoe-sladkoe-185|massandra-kagor-gurzuf-saperavi-krasnoe-sladkoe-16|massandra-muskat-belyy-yuzhnoberezhnyy-beloe-sladkoe-16|massandra-heres,massandra-portveyn-belyy-gurzuf-kokur-belyy-beloe-sladkoe-135|massandra-portveyn-krasnyy-livadiya-kaberne-sovinon-krasnoe-sladkoe-185|massandra-kagor-gurzuf-saperavi-krasnoe-sladkoe-16|massandra-muskat-belyy-yuzhnoberezhnyy-beloe-sladkoe-16|massandra-heres
88.38_20-08-2026_18-32-58.webp,top1_correct,exact,czitronnyj-magaracha-sovinon-blan,czitronnyj-magaracha-sovinon-blan,czitronnyj-magaracha-sovinon-blan,1,1,False,False,,0.662,0,czitronnyj-magaracha-sovinon-blan|zhemchuzhnaya-9-czitron-shardone-1|zhemchuzhnaya-9-aligote-czitron|zhemchuzhnaya-9-risling-sovinon-blan|zhemchuzhnaya-9-czitron-shardone,czitronnyj-magaracha-sovinon-blan|zhemchuzhnaya-9-czitron-shardone-1|zhemchuzhnaya-9-aligote-czitron|zhemchuzhnaya-9-risling-sovinon-blan|zhemchuzhnaya-9-czitron-shardone
89.65_19-08-2026_19-48-39.webp,top5_miss,needs_exact_wine,,roze-2,roze-2,,,False,True,Табия,0.9984,9,roze-2|leto-muskat-oranzh-2024-suhoe-vino|leto-kollekcziya-leta-2020-suhoe-beloe-1|leto-risling-2024-polusuhoe-vino|zmv-koktebel-muskat-desertnyy-rozovoe-sladkoe-16,roze-2|rozovoe-zoloto|bukovinka|czitronnyj-magaracha|risling-1
91.07_20-08-2026_18-37-46.webp,top1_correct,exact,aratti-kaberne-sovinon-2021-krasnoe-suhoe,aratti-kaberne-sovinon-2021-krasnoe-suhoe,aratti-kaberne-sovinon-2021-krasnoe-suhoe,1,1,False,True,АРАТТИ,0.9875,30,aratti-kaberne-sovinon-2021-krasnoe-suhoe|aratti-sovinon-blan-beloe-polusuhoe|aratti-risling-beloe-polusuhoe|aratti-risling-suhoe|aratti-muskat-belyj-polusuhoe,aratti-kaberne-sovinon-2021-krasnoe-suhoe|aratti-sovinon-blan-beloe-polusuhoe|aratti-risling-beloe-polusuhoe|aratti-risling-suhoe|aratti-muskat-belyj-polusuhoe
91.43_02-09-2026_12-08-50.webp,top5_miss,needs_exact_wine,,aratti-vremena-goda-saperavi-leto,aratti-vremena-goda-saperavi-leto,,,False,False,,0.7671,0,aratti-vremena-goda-saperavi-leto|vinodelnya-78-saperavi-krasnoe-suhoe-135|aratti-vremena-goda-saperavi-vyderzhannyj-zima|aratti-kaberne-sovinon-2021-krasnoe-suhoe|vinodelnya-batrak-perfekt-klassik-merlo-krasnoe-suhoe-135,aratti-vremena-goda-saperavi-leto|vinodelnya-78-saperavi-krasnoe-suhoe-135|aratti-vremena-goda-saperavi-vyderzhannyj-zima|aratti-kaberne-sovinon-2021-krasnoe-suhoe|vinodelnya-batrak-perfekt-klassik-merlo-krasnoe-suhoe-135
92.21_19-08-2026_18-57-31.webp,top1_correct,exact,belaya-lvicza,belaya-lvicza,belaya-lvicza,1,1,False,True,АРАТТИ,0.9916,30,belaya-lvicza|chernaya-lvicza-polusladkoe-krasnoe|shato-pino-petnat-pino-nuar-rozovoe-ekstra-bryut-11|rozovaya-pantera|zhemchuzhnaya-9-pino-nuar-muskat-rozovyj,belaya-lvicza|chernaya-lvicza-polusladkoe-krasnoe|rozovaya-pantera|zhemchuzhnaya-9-pino-nuar-muskat-rozovyj|zhemchuzhnaya-9-pino-nuar-muskat-rozovyj-2
92.6_07-09-2026_11-04-40.webp,top1_correct,exact,aratti-kaberne-sovinon-2020-krasnoe-suhoe,aratti-kaberne-sovinon-2020-krasnoe-suhoe,aratti-kaberne-sovinon-2020-krasnoe-suhoe,1,1,False,False,,0.768,0,aratti-kaberne-sovinon-2020-krasnoe-suhoe|semeynaya-vinodelnya-mihaila-kolesnikova-kaberne-fran-merlo-krasnostop-krasnoe-suhoe-148|vinodelnya-batrak-perfekt-klassik-merlo-krasnoe-suhoe-135|vinodelnya-uzunov-mono-kaberne-sovinon-krasnoe-suhoe-139|vinodelnya-batrak-perfekt-klassik-kaberne-sovinon-krasnoe-suhoe-135,aratti-kaberne-sovinon-2020-krasnoe-suhoe|semeynaya-vinodelnya-mihaila-kolesnikova-kaberne-fran-merlo-krasnostop-krasnoe-suhoe-148|vinodelnya-batrak-perfekt-klassik-merlo-krasnoe-suhoe-135|vinodelnya-uzunov-mono-kaberne-sovinon-krasnoe-suhoe-139|vinodelnya-batrak-perfekt-klassik-kaberne-sovinon-krasnoe-suhoe-135
92.96_19-08-2026_21-07-12.webp,top1_correct,exact,aratti-kaberne-sovinon-2020-krasnoe-suhoe,aratti-kaberne-sovinon-2020-krasnoe-suhoe,makitra-selection,1,,True,True,Кубань-Вино,0.9954,97,aratti-kaberne-sovinon-2020-krasnoe-suhoe|vinodelnya-batrak-perfekt-klassik-kaberne-sovinon-krasnoe-suhoe-135|aratti-kaberne-sovinon-2021-krasnoe-suhoe|vinodelnya-batrak-prikumskoe-vitale-kraft-kaberne-sovinon-krasnoe-suhoe-135|vinodelnya-batrak-kaberne-kortis-krasnoe-suhoe-12,makitra-selection|kuban-vino-aristov-anima-michela-2023-sandzhoveze-krasnoe-suhoe-115|kuban-vino-shato-tamane-rezerv-red-blend-kaberne-sovinon-krasnoe-suhoe-125|chateau-tamagne-signature-kaberne|kuban-vino-aristov-amata-rosso-kaberne-sovinon-krasnoe-suhoe-145
93.31_05-09-2026_13-39-37.webp,top1_correct,exact,golubitskoe-estate-noble-selection-red-blend-kaberne-sovinon-krasnoe-suhoe-136,golubitskoe-estate-noble-selection-red-blend-kaberne-sovinon-krasnoe-suhoe-136,golubitskoe-rose,1,,True,True,Поместье Голубицкое,0.9978,2,golubitskoe-estate-noble-selection-red-blend-kaberne-sovinon-krasnoe-suhoe-136|golubitskoe-estate-kaberne-sovinon-noble-selection-krasnoe-suhoe-133|pomeste-golubitskoe-kaberne-sovinon-rezerv-krasnoe-suhoe-143|golubitskoe-estate-red-blend-kaberne-sovinon-krasnoe-suhoe-136|golubitskoe-estate-tte-de-chevall-roze-pino-nuar-rozovoe-bryut-12,golubitskoe-rose|golubitskoe-estate-chardonnay
93.43_05-09-2026_13-34-45.webp,top1_correct,exact,denisov_pet_nat_rubin,denisov_pet_nat_rubin,denisov_pet_nat_rubin,1,1,False,True,Denisov Winery,0.9975,21,denisov_pet_nat_rubin|denisov-winery-petnat-risling-beloe-ekstra-bryut-10|denisov-winery-tsitron-oranzh-tsitronnyy-magaracha-oranzhevoe-suhoe-105|denisov-winery-petnat-tsitron-risling-tsitronnyy-magaracha-beloe-ekstra-bryut-102|stn-winery-traminer-traminer-beloe-suhoe-13,denisov_pet_nat_rubin|denisov-winery-petnat-risling-beloe-ekstra-bryut-10|denisov-winery-tsitron-oranzh-tsitronnyy-magaracha-oranzhevoe-suhoe-105|denisov-winery-petnat-rkatsiteli-beloe-ekstra-bryut-107|denisov-winery-petnat-tsitron-risling-tsitronnyy-magaracha-beloe-ekstra-bryut-102
93.68_19-08-2026_20-44-28.webp,top1_correct,exact,zakat-denisov-vajneri,zakat-denisov-vajneri,zakat-denisov-vajneri,1,1,False,False,,0.7002,0,zakat-denisov-vajneri|kuban-vino-aristov-amata-roze-kaberne-sovinon-rozovoe-suhoe-13|zmv-koktebel-shardone-beloe-suhoe-12|aratti-kaberne-po-belomu-1|zhemchuzhnaya-9-risling-sovinon-blan,zakat-denisov-vajneri|kuban-vino-aristov-amata-roze-kaberne-sovinon-rozovoe-suhoe-13|zmv-koktebel-shardone-beloe-suhoe-12|aratti-kaberne-po-belomu-1|zhemchuzhnaya-9-risling-sovinon-blan
93.84_02-09-2026_17-13-04.webp,top1_correct,exact,zakat-denisov-vajneri,zakat-denisov-vajneri,zakat-denisov-vajneri,1,1,False,True,Denisov Winery,0.9836,21,zakat-denisov-vajneri|domaine-lipko-roze-sira-rozovoe-suhoe-135|znoj-denisov-vajneri|aratti-kaberne-po-belomu-1|gavras-areni-krasnoe-suhoe-13,zakat-denisov-vajneri|znoj-denisov-vajneri|denisov-winery-tsitron-oranzh-tsitronnyy-magaracha-oranzhevoe-suhoe-105|denisov_pet_nat_citron_rkaciteli|denisov-winery-risling-beloe-suhoe-115
93.97_28-08-2026_16-02-48.webp,top5_miss,needs_exact_wine,,kuban-vino-shato-tamane-rezerv-merlo-limited-edishn-2018-krasnoe-suhoe-125,golubitskoe-rose,,,True,True,Поместье Голубицкое,0.9969,2,kuban-vino-shato-tamane-rezerv-merlo-limited-edishn-2018-krasnoe-suhoe-125|golubitskoe-estate-red-blend-kaberne-sovinon-krasnoe-suhoe-136|golubitskoe-estate-merlo-krasnoe-suhoe-135|golubitskoe-rose|golubitskoe-estate-kaberne-sovinon-krasnoe-suhoe-137,golubitskoe-rose|golubitskoe-estate-chardonnay
94.02_24-08-2026_17-46-57.webp,top5_miss,needs_exact_wine,,vinodelnya-batrak-prikumskoe-vitale-kraft-kaberne-sovinon-krasnoe-suhoe-135,rubin-golodrigi,,,True,True,Табия,0.9962,9,vinodelnya-batrak-prikumskoe-vitale-kraft-kaberne-sovinon-krasnoe-suhoe-135|vinodelnya-batrak-perfekt-klassik-saperavi-krasnoe-suhoe-135|vinodelnya-batrak-perfekt-klassik-pino-nuar-krasnoe-suhoe-12|vinodelnya-batrak-perfekt-klassik-kaberne-sovinon-krasnoe-suhoe-135|vinodelnya-begildeeva-merlo-krasnoe-suhoe-14,rubin-golodrigi|kaberne-sovinon-2|czitronnyj-magaracha|bukovinka|oleg
94.55_02-09-2026_16-53-08.webp,top1_correct,exact,denisov-winery-pino-nuar-shardone-ekstra-bryut-beloe-125,denisov-winery-pino-nuar-shardone-ekstra-bryut-beloe-125,denisov_pazori_risling,1,2,True,True,Denisov Winery,0.9943,21,denisov-winery-pino-nuar-shardone-ekstra-bryut-beloe-125|belbek-belbek-saperavi-rezerv-krasnoe-suhoe-14|andryus-yutsis-muskat-blan-vione-beloe-suhoe-117|denisov-winery-sovinon-blan-beloe-suhoe-115|vinodelnya-zhakov-shardone-eskeyp-beloe-suhoe-12,denisov_pazori_risling|denisov-winery-pino-nuar-shardone-ekstra-bryut-beloe-125|denisov-winery-sovinon-blan-beloe-suhoe-115|denisov-winery-tsitron-oranzh-tsitronnyy-magaracha-oranzhevoe-suhoe-105|denisov-winery-petnat-saperavi-severnyy-rozovoe-ekstra-bryut-105
94.7_25-08-2026_15-52-07.webp,top5_correct,exact,czitronnyj-magaracha-sovinon-blan,zhemchuzhnaya-9-czitron-shardone-1,zhemchuzhnaya-9-czitron-shardone-1,4,4,False,True,АРАТТИ,0.987,30,zhemchuzhnaya-9-czitron-shardone-1|zhemchuzhnaya-9-aligote-czitron|zhemchuzhnaya-9-czitron-shardone|czitronnyj-magaracha-sovinon-blan|zhemchuzhnaya-9-risling-sovinon-blan,zhemchuzhnaya-9-czitron-shardone-1|zhemchuzhnaya-9-aligote-czitron|zhemchuzhnaya-9-czitron-shardone|czitronnyj-magaracha-sovinon-blan|zhemchuzhnaya-9-risling-sovinon-blan
94.97_02-09-2026_19-01-48.webp,top5_correct,exact,zhemchuzhnaya-9-pino-nuar-muskat-rozovyj-2,zhemchuzhnaya-9-pino-gri-pino-nuar,zhemchuzhnaya-9-pino-gri-pino-nuar,3,3,False,False,,0.6908,0,zhemchuzhnaya-9-pino-gri-pino-nuar|zhemchuzhnaya-9-pino-nuar-muskat-rozovyj|zhemchuzhnaya-9-pino-nuar-muskat-rozovyj-2|zhemchuzhnaya-9-muskat-rozovyj-pino-gri|zhemchuzhnaya-9-pino-nuar-muskat-rozovyj-1,zhemchuzhnaya-9-pino-gri-pino-nuar|zhemchuzhnaya-9-pino-nuar-muskat-rozovyj|zhemchuzhnaya-9-pino-nuar-muskat-rozovyj-2|zhemchuzhnaya-9-muskat-rozovyj-pino-gri|zhemchuzhnaya-9-pino-nuar-muskat-rozovyj-1
95.03_04-09-2026_11-39-35.webp,top5_correct,exact,fanagoriya-zelyonoe-vino-risling-tsitronnyy-magaracha-beloe-polusuhoe-11,vinodelnya-batrak-perfekt-klassik-muskat-belyy-beloe-suhoe-125,esse-kaberne-fran-krasnoe-suhoe-13,3,,True,True,ESSE,0.9981,53,vinodelnya-batrak-perfekt-klassik-muskat-belyy-beloe-suhoe-125|leto-risling-2024-polusuhoe-vino|fanagoriya-zelyonoe-vino-risling-tsitronnyy-magaracha-beloe-polusuhoe-11|zmv-koktebel-rkatsiteli-desertnoe-beloe-sladkoe-16|shato-ay-danil-kapriz-muskat-belyy-beloe-suhoe-135,esse-kaberne-fran-krasnoe-suhoe-13|esse-saperavi-krasnoe-suhoe-13|esse-merlo-krasnoe-suhoe-135|esse-rose-sira-rozovoe-suhoe-12|esse-kaberne-sovinon-krasnoe-suhoe-14
95.24_19-08-2026_20-00-22.webp,top1_correct,exact,zhemchuzhnaya-9-czitron-shardone-1,zhemchuzhnaya-9-czitron-shardone-1,zhemchuzhnaya-9-czitron-shardone-1,1,1,False,True,АРАТТИ,0.9802,30,zhemchuzhnaya-9-czitron-shardone-1|czitronnyj-magaracha-sovinon-blan|zhemchuzhnaya-9-aligote-czitron|zhemchuzhnaya-9-czitron-shardone|zhemchuzhnaya-9-risling-sovinon-blan,zhemchuzhnaya-9-czitron-shardone-1|czitronnyj-magaracha-sovinon-blan|zhemchuzhnaya-9-aligote-czitron|zhemchuzhnaya-9-czitron-shardone|zhemchuzhnaya-9-risling-sovinon-blan
95.2_05-09-2026_13-54-13.webp,top1_correct,exact,aratti-kaberne-po-belomu-1,aratti-kaberne-po-belomu-1,aratti-kaberne-po-belomu-1,1,1,False,False,,0.7683,0,aratti-kaberne-po-belomu-1|aratti-risling-beloe-polusuhoe|aratti-kaberne-po-belomu|aratti-sovinon-blan-beloe-polusuhoe|aratti-muskat-belyj-polusuhoe,aratti-kaberne-po-belomu-1|aratti-risling-beloe-polusuhoe|aratti-kaberne-po-belomu|aratti-sovinon-blan-beloe-polusuhoe|aratti-muskat-belyj-polusuhoe
95.32_02-09-2026_12-09-23.webp,top5_miss,needs_exact_wine,,vinodelnya-78-muskat-otbornyy-muskat-yantarnyy-beloe-suhoe-125,vinodelnya-78-muskat-otbornyy-muskat-yantarnyy-beloe-suhoe-125,,,False,False,,0.7683,0,vinodelnya-78-muskat-otbornyy-muskat-yantarnyy-beloe-suhoe-125|vinodelnya-78-aligote-otbornoe-beloe-suhoe-12|aratti-risling-suhoe|massandra-portveyn-belyy-gurzuf-kokur-belyy-beloe-sladkoe-135|massandra-kagor-gurzuf-saperavi-krasnoe-sladkoe-16,vinodelnya-78-muskat-otbornyy-muskat-yantarnyy-beloe-suhoe-125|vinodelnya-78-aligote-otbornoe-beloe-suhoe-12|aratti-risling-suhoe|massandra-portveyn-belyy-gurzuf-kokur-belyy-beloe-sladkoe-135|massandra-kagor-gurzuf-saperavi-krasnoe-sladkoe-16
95.36_28-08-2026_17-09-04.webp,top5_miss,needs_exact_wine,,aratti-sovinon-blan-beloe-polusuhoe,aratti-sovinon-blan-beloe-polusuhoe,,,False,False,,0.6915,0,aratti-sovinon-blan-beloe-polusuhoe|aratti-muskat-belyj-polusuhoe|aratti-muskat-belyj-suhoe|inkermanskiy-zmv-winemakers-selection-saperavi-krasnoe-polusladkoe-12|aratti-risling-beloe-polusuhoe,aratti-sovinon-blan-beloe-polusuhoe|aratti-muskat-belyj-polusuhoe|aratti-muskat-belyj-suhoe|inkermanskiy-zmv-winemakers-selection-saperavi-krasnoe-polusladkoe-12|aratti-risling-beloe-polusuhoe
95.49_05-09-2026_15-34-51.webp,top5_correct,exact,zhemchuzhnaya-9-pino-nuar-muskat-rozovyj-1,zhemchuzhnaya-9-pino-nuar-muskat-rozovyj,zhemchuzhnaya-9-pino-nuar-muskat-rozovyj,2,2,False,False,,0.4972,0,zhemchuzhnaya-9-pino-nuar-muskat-rozovyj|zhemchuzhnaya-9-pino-nuar-muskat-rozovyj-1|zhemchuzhnaya-9-pino-gri-pino-nuar|zhemchuzhnaya-9-muskat-rozovyj-kaberne-sovinon|zhemchuzhnaya-9-kaberne-sovinon-pino-nuar,zhemchuzhnaya-9-pino-nuar-muskat-rozovyj|zhemchuzhnaya-9-pino-nuar-muskat-rozovyj-1|zhemchuzhnaya-9-pino-gri-pino-nuar|zhemchuzhnaya-9-muskat-rozovyj-kaberne-sovinon|zhemchuzhnaya-9-kaberne-sovinon-pino-nuar
95.63_24-08-2026_17-47-43.webp,top5_miss,needs_exact_wine,,vinodelnya-batrak-perfekt-klassik-saperavi-krasnoe-suhoe-135,rubin-golodrigi,,,True,True,Табия,0.9881,9,vinodelnya-batrak-perfekt-klassik-saperavi-krasnoe-suhoe-135|vinodelnya-batrak-perfekt-klassik-kaberne-sovinon-krasnoe-suhoe-135|vinodelnya-batrak-prikumskoe-vitale-kraft-kaberne-sovinon-krasnoe-suhoe-135|vinodelnya-batrak-perfekt-klassik-merlo-krasnoe-suhoe-135|leto-shardone-2023-suhoe-beloe,rubin-golodrigi|roze-2|kaberne-sovinon-2|oleg|rozovoe-zoloto
95.75_02-09-2026_14-47-49.webp,top1_correct,exact,uva-vallis-risling,uva-vallis-risling,uva-vallis-risling,1,1,False,False,,0.7941,0,uva-vallis-risling|uva-vallis-shardone|uva-vallis-sovinon-blan|uva-vallis-sira|domaine-de-la-vivandiere-alkomishka-malbek-krasnoe-suhoe-123,uva-vallis-risling|uva-vallis-shardone|uva-vallis-sovinon-blan|uva-vallis-sira|domaine-de-la-vivandiere-alkomishka-malbek-krasnoe-suhoe-123
95.76_23-08-2026_18-19-43.webp,top1_correct,exact,denisov_barynya_kurmyshi,denisov_barynya_kurmyshi,denisov_barynya_kurmyshi,1,1,False,True,Denisov Winery,0.9957,21,denisov_barynya_kurmyshi|denisov-winery-risling-beloe-suhoe-115|andryus-yutsis-muskat-blan-vione-beloe-suhoe-117|denisov-winery-tsitron-oranzh-tsitronnyy-magaracha-oranzhevoe-suhoe-105|vinodelnya-78-muskat-otbornyy-muskat-yantarnyy-beloe-suhoe-125,denisov_barynya_kurmyshi|denisov_pereplyas_kurmyshi|denisov_pet_nat_citron_rkaciteli|denisov-winery-risling-beloe-suhoe-115|znoj-denisov-vajneri
95.88_02-09-2026_14-41-59.webp,top5_miss,needs_exact_wine,,vinodelnya-batrak-perfekt-klassik-muskat-belyy-beloe-suhoe-125,esse-rose-sira-rozovoe-suhoe-12,,,True,True,ESSE,0.9819,53,vinodelnya-batrak-perfekt-klassik-muskat-belyy-beloe-suhoe-125|zmv-koktebel-muskat-yantarnyy-desertnyy-beloe-sladkoe-16|koktebel-casa-belyj-kupazh|zmv-koktebel-shardone-beloe-suhoe-12|vinodelnya-batrak-monte-di-cammello-nuvola-bianca-risling-beloe-suhoe-12,esse-rose-sira-rozovoe-suhoe-12|esse-roze-kaberne-sovinon-rozovoe-suhoe-135|esse-kaberne-fran-krasnoe-suhoe-13|esse-sovinon-blan-beloe-suhoe-12|esse-pino-gri-blash-rozovoe-suhoe-125
95.8_19-08-2026_19-33-23.webp,top5_miss,needs_exact_wine,,leto-muskat-oranzh-2024-suhoe-vino,czitronnyj-magaracha,,,True,True,Табия,0.9959,9,leto-muskat-oranzh-2024-suhoe-vino|leto-risling-2024|leto-kaberne-fran-2024-polusladkoe-krasnoe|czitronnyj-magaracha|rozovoe-zoloto,czitronnyj-magaracha|rozovoe-zoloto|roze-2|risling-1|oleg
96.05_28-08-2026_09-14-57.webp,top1_correct,exact,usadba-divnomorskoe-yuzhnyy-les-merlo-krasnoe-suhoe-137,usadba-divnomorskoe-yuzhnyy-les-merlo-krasnoe-suhoe-137,usadba-divnomorskoe-yuzhnyy-les-merlo-krasnoe-suhoe-137,1,1,False,True,Усадьба Дивноморское,0.9967,17,usadba-divnomorskoe-yuzhnyy-les-merlo-krasnoe-suhoe-137|usadba-divnomorskoe-marselan-marselan-krasnoe-suhoe-149|usadba-divnomorskoe-merlot-merlo-krasnoe-suhoe-149|usadba-divnomorskoe-west-hill-blend-kaberne-sovinon-krasnoe-suhoe-145|usadba-divnomorskoe-solnechnyy-veter-shardone-beloe-suhoe-125,usadba-divnomorskoe-yuzhnyy-les-merlo-krasnoe-suhoe-137|usadba-divnomorskoe-marselan-marselan-krasnoe-suhoe-149|usadba-divnomorskoe-merlot-merlo-krasnoe-suhoe-149|usadba-divnomorskoe-west-hill-blend-kaberne-sovinon-krasnoe-suhoe-145|usadba-divnomorskoe-solnechnyy-veter-shardone-beloe-suhoe-125
96.07_28-08-2026_16-10-06.webp,top5_miss,needs_exact_wine,,chateau-tamagne-signature-kaberne,golubitskoe-rose,,,True,True,Поместье Голубицкое,0.9914,2,chateau-tamagne-signature-kaberne|cellar-master-sandzhoveze-krasnoe-suhoe-125|leto-shardone-2023-suhoe-beloe|usadba-rodnoe-gnezdo-4-elements-sovinon-blan-beloe-polusladkoe-12|usadba-rodnoe-gnezdo-4-elements-kaberne-sovinon-krasnoe-suhoe-15,golubitskoe-rose|golubitskoe-estate-chardonnay
96.08_22-08-2026_15-12-27.webp,top1_correct,exact,zhemchuzhnaya-9-czitron-shardone-1,zhemchuzhnaya-9-czitron-shardone-1,zhemchuzhnaya-9-czitron-shardone-1,1,1,False,False,,0.3956,0,zhemchuzhnaya-9-czitron-shardone-1|czitronnyj-magaracha-sovinon-blan|zhemchuzhnaya-9-aligote-czitron|zhemchuzhnaya-9-czitron-shardone|zhemchuzhnaya-9-sovinon-blan-aligote,zhemchuzhnaya-9-czitron-shardone-1|czitronnyj-magaracha-sovinon-blan|zhemchuzhnaya-9-aligote-czitron|zhemchuzhnaya-9-czitron-shardone|zhemchuzhnaya-9-sovinon-blan-aligote
96.08_28-08-2026_16-29-50.webp,top5_correct,exact,golubitskoe-estate-merlo-krasnoe-suhoe-135,golubitskoe-rose,golubitskoe-rose,4,,False,True,Поместье Голубицкое,0.9975,2,golubitskoe-rose|uva-vallis-sovinon-blan|golubitskoe-estate-winery-series-pino-nuar-rozovoe-suhoe-115|golubitskoe-estate-merlo-krasnoe-suhoe-135|kuban-vino-shato-tamane-rezerv-merlo-limited-edishn-2018-krasnoe-suhoe-125,golubitskoe-rose|golubitskoe-estate-chardonnay
96.13_19-08-2026_19-33-10.webp,top5_correct,exact,roze-2,leto-risling-2024,roze-2,2,1,True,True,Табия,0.9926,9,leto-risling-2024|roze-2|rozovoe-zoloto|solnechnaya-dolina-muskatnoe-festivalnoe-muskat-belyy-rozovoe-sladkoe-16|shato-ay-danil-kapriz-muskat-belyy-beloe-suhoe-135,roze-2|rozovoe-zoloto|czitronnyj-magaracha|oleg|bukovinka
96.15_22-08-2026_20-56-09.webp,top5_miss,needs_exact_wine,,leto-muskat-oranzh-2024-suhoe-vino,rozovoe-zoloto,,,True,True,Табия,0.9907,9,leto-muskat-oranzh-2024-suhoe-vino|leto-risling-2024|leto-kaberne-fran-2024-polusladkoe-krasnoe|leto-risling-2024-polusuhoe-vino|rozovoe-zoloto,rozovoe-zoloto|roze-2|bukovinka|risling-1|oleg
96.27_20-08-2026_16-26-30.webp,top1_correct,exact,zhemchuzhnaya-9-pino-nuar-muskat-rozovyj-1,zhemchuzhnaya-9-pino-nuar-muskat-rozovyj-1,zhemchuzhnaya-9-pino-nuar-muskat-rozovyj-1,1,1,False,False,,0.5532,0,zhemchuzhnaya-9-pino-nuar-muskat-rozovyj-1|zhemchuzhnaya-9-pino-nuar-muskat-rozovyj|zhemchuzhnaya-9-pino-nuar-muskat-rozovyj-2|zhemchuzhnaya-9-pino-gri-pino-nuar|zhemchuzhnaya-9-muskat-rozovyj-kaberne-sovinon,zhemchuzhnaya-9-pino-nuar-muskat-rozovyj-1|zhemchuzhnaya-9-pino-nuar-muskat-rozovyj|zhemchuzhnaya-9-pino-nuar-muskat-rozovyj-2|zhemchuzhnaya-9-pino-gri-pino-nuar|zhemchuzhnaya-9-muskat-rozovyj-kaberne-sovinon
96.2_28-08-2026_09-13-27.webp,top1_correct,exact,usadba-divnomorskoe-yuzhnyy-les-merlo-krasnoe-suhoe-137,usadba-divnomorskoe-yuzhnyy-les-merlo-krasnoe-suhoe-137,usadba-divnomorskoe-yuzhnyy-les-merlo-krasnoe-suhoe-137,1,1,False,True,Усадьба Дивноморское,0.9925,17,usadba-divnomorskoe-yuzhnyy-les-merlo-krasnoe-suhoe-137|usadba-divnomorskoe-solist-marselan-rozovoe-suhoe-115|usadba-divnomorskoe-west-hill-blend-kaberne-sovinon-krasnoe-suhoe-145|usadba-divnomorskoe-solnechnyy-veter-shardone-beloe-suhoe-125|usadba-divnomorskoe-marselan-marselan-krasnoe-suhoe-149,usadba-divnomorskoe-yuzhnyy-les-merlo-krasnoe-suhoe-137|usadba-divnomorskoe-solist-marselan-rozovoe-suhoe-115|usadba-divnomorskoe-west-hill-blend-kaberne-sovinon-krasnoe-suhoe-145|usadba-divnomorskoe-solnechnyy-veter-shardone-beloe-suhoe-125|usadba-divnomorskoe-marselan-marselan-krasnoe-suhoe-149
96.31_09-09-2026_19-29-01.webp,top5_correct,exact,aratti-kaberne-po-belomu,aratti-kaberne-po-belomu-1,aratti-kaberne-po-belomu-1,2,2,False,False,,0.8238,0,aratti-kaberne-po-belomu-1|aratti-kaberne-po-belomu|aratti-muskat-belyj-suhoe|aratti-muskat-belyj-polusuhoe|aratti-risling-beloe-polusuhoe,aratti-kaberne-po-belomu-1|aratti-kaberne-po-belomu|aratti-muskat-belyj-suhoe|aratti-muskat-belyj-polusuhoe|aratti-risling-beloe-polusuhoe
96.31_21-08-2026_17-24-55.webp,top5_miss,needs_exact_wine,,vinodelnya-pokrovskaya-ryzhest-rkatsiteli-beloe-suhoe-11,czitronnyj-magaracha,,,True,True,Табия,0.9973,9,vinodelnya-pokrovskaya-ryzhest-rkatsiteli-beloe-suhoe-11|leto-kollekcziya-leta-2020-suhoe-beloe|vinodelnya-batrak-perfekt-klassik-merlo-krasnoe-suhoe-135|vinodelnya-batrak-prikumskoe-vitale-kraft-kaberne-sovinon-krasnoe-suhoe-135|vinodelnya-begildeeva-kaberne-sovinon-merlo-krasnoe-suhoe-14,czitronnyj-magaracha|rozovoe-zoloto|rubin-golodrigi|bukovinka|roze-2
96.3_28-08-2026_09-12-56.webp,top1_correct,exact,usadba-divnomorskoe-yuzhnyy-les-merlo-krasnoe-suhoe-137,usadba-divnomorskoe-yuzhnyy-les-merlo-krasnoe-suhoe-137,usadba-divnomorskoe-yuzhnyy-les-merlo-krasnoe-suhoe-137,1,1,False,True,Усадьба Дивноморское,0.9954,17,usadba-divnomorskoe-yuzhnyy-les-merlo-krasnoe-suhoe-137|usadba-divnomorskoe-west-hill-blend-kaberne-sovinon-krasnoe-suhoe-145|usadba-divnomorskoe-solist-marselan-rozovoe-suhoe-115|usadba-divnomorskoe-merlot-merlo-krasnoe-suhoe-149|usadba-divnomorskoe-marselan-marselan-krasnoe-suhoe-149,usadba-divnomorskoe-yuzhnyy-les-merlo-krasnoe-suhoe-137|usadba-divnomorskoe-west-hill-blend-kaberne-sovinon-krasnoe-suhoe-145|usadba-divnomorskoe-solist-marselan-rozovoe-suhoe-115|usadba-divnomorskoe-merlot-merlo-krasnoe-suhoe-149|usadba-divnomorskoe-marselan-marselan-krasnoe-suhoe-149
96.44_05-09-2026_15-33-59.webp,top5_miss,needs_exact_wine,,aratti-risling-beloe-polusuhoe,aratti-risling-beloe-polusuhoe,,,False,False,,0.7686,0,aratti-risling-beloe-polusuhoe|aratti-muskat-belyj-polusuhoe|vinodelnya-batrak-monte-di-cammello-nuvola-bianca-risling-beloe-suhoe-12|vinodelnya-batrak-perfekt-klassik-kaberne-sovinon-krasnoe-suhoe-135|vinodelnya-78-muskat-otbornyy-muskat-yantarnyy-beloe-suhoe-125,aratti-risling-beloe-polusuhoe|aratti-muskat-belyj-polusuhoe|vinodelnya-batrak-monte-di-cammello-nuvola-bianca-risling-beloe-suhoe-12|vinodelnya-batrak-perfekt-klassik-kaberne-sovinon-krasnoe-suhoe-135|vinodelnya-78-muskat-otbornyy-muskat-yantarnyy-beloe-suhoe-125
96.45_19-08-2026_19-35-28.webp,top5_miss,needs_exact_wine,,leto-muskat-oranzh-2024-suhoe-vino,risling-1,,,True,True,Табия,0.9963,9,leto-muskat-oranzh-2024-suhoe-vino|vinodelnya-batrak-prikumskoe-vitale-kraft-kaberne-sovinon-krasnoe-suhoe-135|vinodelnya-pokrovskaya-ryzhest-rkatsiteli-beloe-suhoe-11|vinodelnya-batrak-perfekt-klassik-merlo-krasnoe-suhoe-135|leto-risling-2024,risling-1|czitronnyj-magaracha|rozovoe-zoloto|bukovinka|oleg
96.54_04-09-2026_19-30-52.webp,top1_correct,exact,denisov-winery-risling-beloe-suhoe-115,denisov-winery-risling-beloe-suhoe-115,denisov-winery-risling-beloe-suhoe-115,1,1,False,True,Denisov Winery,0.9982,21,denisov-winery-risling-beloe-suhoe-115|denisov-winery-tsitron-tsitronnyy-magaracha-beloe-suhoe-112|denisov-winery-sovinon-blan-beloe-suhoe-115|andryus-yutsis-muskat-blan-vione-beloe-suhoe-117|denisov-winery-rkatsiteli-beloe-suhoe-112,denisov-winery-risling-beloe-suhoe-115|denisov-winery-tsitron-tsitronnyy-magaracha-beloe-suhoe-112|denisov-winery-sovinon-blan-beloe-suhoe-115|denisov-winery-rkatsiteli-beloe-suhoe-112|denisov-winery-tsitron-oranzh-tsitronnyy-magaracha-oranzhevoe-suhoe-105
96.55_30-08-2026_19-34-31.webp,top5_miss,needs_exact_wine,,sary-pandas-vyderzhannoe,novyj-svet-pino-gri-millezim,,,True,True,Новый Свет. Дом шампанских вин,0.9563,44,sary-pandas-vyderzhannoe|aratti-sovinon-blan-beloe-polusuhoe|aratti-risling-suhoe|zmv-koktebel-grand-kupazh-kaberne-sovinon-krasnoe-suhoe-13|zmv-koktebel-bastardo-krasnoe-suhoe-14,novyj-svet-pino-gri-millezim|novyj-svet-shardone-kyuve-de-prestizh|novyj-svet-shardone|novyj-svet-risling-kyuve-de-prestizh|novyj-svet-polusuhoe-kollekczionnoe
96.58_05-09-2026_16-05-04.webp,top5_miss,needs_exact_wine,,koktebel-casa-belyj-kupazh,esse-rose-sira-rozovoe-suhoe-12,,,True,True,ESSE,0.9974,53,koktebel-casa-belyj-kupazh|vinodelnya-batrak-perfekt-klassik-muskat-belyy-beloe-suhoe-125|leto-risling-2024-polusuhoe-vino|zmv-koktebel-bastardo-krasnoe-suhoe-14|zmv-koktebel-pino-gri-desertnoe-beloe-sladkoe-16,esse-rose-sira-rozovoe-suhoe-12|esse-muskat-muskat-belyy-beloe-suhoe-115|esse-kaberne-fran-krasnoe-suhoe-13|esse-risling-beloe-suhoe-115|esse-pino-gri-blush-rozovoe-suhoe-115
96.61_28-08-2026_09-16-27.webp,top1_correct,exact,balaklava-muskat,balaklava-muskat,balaklava-muskat,1,1,False,False,,0.7747,0,balaklava-muskat|balaklava-muskat-beloe-polusladkoe|abrau-dyurso-imperatorskoe-polusladkoe-shardone-beloe-12|shardone-balaklava|abrau-dyurso-russkoe-igristoe-polusladkoe-shardone-beloe-12,balaklava-muskat|balaklava-muskat-beloe-polusladkoe|abrau-dyurso-imperatorskoe-polusladkoe-shardone-beloe-12|shardone-balaklava|abrau-dyurso-russkoe-igristoe-polusladkoe-shardone-beloe-12
96.62_07-09-2026_18-12-27.webp,top5_miss,needs_exact_wine,,zmv-koktebel-shardone-beloe-suhoe-12,esse-kaberne-fran-krasnoe-suhoe-13,,,True,True,ESSE,0.9989,53,zmv-koktebel-shardone-beloe-suhoe-12|koktebel-casa-belyj-kupazh|vinodelnya-batrak-monte-di-cammello-nuvola-bianca-risling-beloe-suhoe-12|vinodelnya-batrak-perfekt-klassik-muskat-belyy-beloe-suhoe-125|zmv-koktebel-muskat-yantarnyy-desertnyy-beloe-sladkoe-16,esse-kaberne-fran-krasnoe-suhoe-13|esse-kaberne-sovinon-krasnoe-suhoe-14|esse-rose-sira-rozovoe-suhoe-12|esse-saperavi-krasnoe-suhoe-13|esse-merlo-krasnoe-suhoe-135
96.64_26-08-2026_16-52-37.webp,top5_miss,needs_exact_wine,,artvin-kaberne-sovinon-grand-rezerv-krasnoe-suhoe-13,artvin-kaberne-sovinon-grand-rezerv-krasnoe-suhoe-13,,,False,False,,0.5712,0,artvin-kaberne-sovinon-grand-rezerv-krasnoe-suhoe-13|massandra-kagor-gurzuf-saperavi-krasnoe-sladkoe-16|shato-ay-danil-tramonto-kaberne-sovinon-krasnoe-suhoe-14|cosaque-krasnaya-gorka|leto-kollekcziya-leta-2020-suhoe-beloe-1,artvin-kaberne-sovinon-grand-rezerv-krasnoe-suhoe-13|massandra-kagor-gurzuf-saperavi-krasnoe-sladkoe-16|shato-ay-danil-tramonto-kaberne-sovinon-krasnoe-suhoe-14|cosaque-krasnaya-gorka|leto-kollekcziya-leta-2020-suhoe-beloe-1
96.65_02-09-2026_12-08-51.webp,top5_miss,needs_exact_wine,,vinodelnya-batrak-perfekt-klassik-kaberne-sovinon-krasnoe-suhoe-135,vinodelnya-batrak-perfekt-klassik-kaberne-sovinon-krasnoe-suhoe-135,,,False,False,,0.7674,0,vinodelnya-batrak-perfekt-klassik-kaberne-sovinon-krasnoe-suhoe-135|vinodelnya-batrak-perfekt-klassik-saperavi-krasnoe-suhoe-135|aratti-kaberne-sovinon-2020-krasnoe-suhoe|artvin-odesskiy-chernyy-rezerv-krasnoe-suhoe-13|vinodelnya-batrak-kaberne-kortis-krasnoe-suhoe-12,vinodelnya-batrak-perfekt-klassik-kaberne-sovinon-krasnoe-suhoe-135|vinodelnya-batrak-perfekt-klassik-saperavi-krasnoe-suhoe-135|aratti-kaberne-sovinon-2020-krasnoe-suhoe|artvin-odesskiy-chernyy-rezerv-krasnoe-suhoe-13|vinodelnya-batrak-kaberne-kortis-krasnoe-suhoe-12
96.66_22-08-2026_20-44-40.webp,top1_correct,exact,perovskih_polusuhoe_krasnoe,perovskih_polusuhoe_krasnoe,perovskih_polusuhoe_krasnoe,1,1,False,False,,0.3983,0,perovskih_polusuhoe_krasnoe|perovskih_polusladkoe_krasnoe|leto-risling-2024-polusuhoe-vino|perovskih_polusladkoe_beloe|perovskih_odesskiy_chernyi,perovskih_polusuhoe_krasnoe|perovskih_polusladkoe_krasnoe|leto-risling-2024-polusuhoe-vino|perovskih_polusladkoe_beloe|perovskih_odesskiy_chernyi
96.74_28-08-2026_13-52-26.webp,top1_correct,exact,usadba-mezyb-shishka-kupazh-5-kaberne-sovinon-rozovoe-suhoe-133,usadba-mezyb-shishka-kupazh-5-kaberne-sovinon-rozovoe-suhoe-133,usadba-mezyb-shishka-kupazh-5-kaberne-sovinon-rozovoe-suhoe-133,1,1,False,True,Усадьба Мезыбь,0.9722,26,usadba-mezyb-shishka-kupazh-5-kaberne-sovinon-rozovoe-suhoe-133|usadba-mezyb-shishka-sovinon-blan-beloe-suhoe-12|usadba-mezyb-shishka-pino-nuar-rozovoe-suhoe-115|usadba-mezyb-shishka-oranzh-shardone-beloe-suhoe-127|usadba-mezyb-shishka-shenen-blan-sovinon-blan-beloe-suhoe-126,usadba-mezyb-shishka-kupazh-5-kaberne-sovinon-rozovoe-suhoe-133|usadba-mezyb-shishka-sovinon-blan-beloe-suhoe-12|usadba-mezyb-shishka-pino-nuar-rozovoe-suhoe-115|usadba-mezyb-shishka-oranzh-shardone-beloe-suhoe-127|usadba-mezyb-shishka-shenen-blan-sovinon-blan-beloe-suhoe-126
96.76_07-09-2026_14-57-04.webp,top5_miss,needs_exact_wine,,stn-winery-merlo-krasnoe-suhoe-14,stn-winery-merlo-krasnoe-suhoe-14,,,False,False,,0.7139,0,stn-winery-merlo-krasnoe-suhoe-14|bogovich-wine-vineyard-pino-nuar-krasnoe-suhoe-125|bogovich-wine-vineyard-kaberne-sovinon-krasnoe-suhoe-125|saperavi-premium|bogovich-wine-vineyard-kaberne-fran-krasnoe-suhoe-135,stn-winery-merlo-krasnoe-suhoe-14|bogovich-wine-vineyard-pino-nuar-krasnoe-suhoe-125|bogovich-wine-vineyard-kaberne-sovinon-krasnoe-suhoe-125|saperavi-premium|bogovich-wine-vineyard-kaberne-fran-krasnoe-suhoe-135
96.78_25-08-2026_18-04-42.webp,top5_miss,needs_exact_wine,,vinodelnya-batrak-perfekt-klassik-merlo-krasnoe-suhoe-135,czitronnyj-magaracha,,,True,True,Табия,0.9931,9,vinodelnya-batrak-perfekt-klassik-merlo-krasnoe-suhoe-135|vinodelnya-batrak-perfekt-klassik-saperavi-krasnoe-suhoe-135|leto-kaberne-fran-2024-polusladkoe-krasnoe|vinodelnya-pokrovskaya-ryzhest-rkatsiteli-beloe-suhoe-11|twopeters_shardone,czitronnyj-magaracha|kaberne-sovinon-2|rubin-golodrigi|roze-2|rozovoe-zoloto
96.79_20-08-2026_17-48-31.webp,top5_miss,needs_exact_wine,,vinodelnya-batrak-prikumskoe-vitale-kraft-kaberne-sovinon-krasnoe-suhoe-135,roze-2,,,True,True,Табия,0.9986,9,vinodelnya-batrak-prikumskoe-vitale-kraft-kaberne-sovinon-krasnoe-suhoe-135|vinodelnya-batrak-perfekt-klassik-saperavi-krasnoe-suhoe-135|vinodelnya-batrak-perfekt-klassik-kaberne-sovinon-krasnoe-suhoe-135|vinodelnya-batrak-perfekt-klassik-merlo-krasnoe-suhoe-135|roze-2,roze-2|czitronnyj-magaracha|rubin-golodrigi|kaberne-sovinon-2|risling-1
96.79_28-08-2026_22-05-22.webp,top5_correct,exact,vinodelnya-vedernikov-vedernikov-dolina-dona-beloe-suhoe-aligote-12,vinodelnya-vedernikov-krasnostop-zolotovskiy-rezerv-krasnoe-suhoe-15,vinodelnya-vedernikov-krasnostop-zolotovskiy-rezerv-krasnoe-suhoe-15,3,2,False,True,Ведерниковъ,0.9959,43,vinodelnya-vedernikov-krasnostop-zolotovskiy-rezerv-krasnoe-suhoe-15|donskoe-vinodelcheskoe-hozyaystvo-elbuzd-merlo-krasnoe-suhoe-13|vinodelnya-vedernikov-vedernikov-dolina-dona-beloe-suhoe-aligote-12|vinodelnya-vedernikov-gubernatorskiy-rezerv-krasnoe-kaberne-sovinon-suhoe-14|vinodelnya-vedernikov-vedernikov-dolina-dona-krasnoe-suhoe-kaberne-sovinon-125,vinodelnya-vedernikov-krasnostop-zolotovskiy-rezerv-krasnoe-suhoe-15|vinodelnya-vedernikov-vedernikov-dolina-dona-beloe-suhoe-aligote-12|vinodelnya-vedernikov-vedernikov-dolina-dona-krasnoe-suhoe-kaberne-sovinon-125|vinodelnya-vedernikov-gubernatorskiy-rezerv-krasnoe-kaberne-sovinon-suhoe-14|vinodelnya-vedernikov-vedernikov-gubernatorskoe-golubok-krasnoe-suhoe-115
96.7_28-08-2026_13-50-21.webp,top1_correct,exact,usadba-divnomorskoe-yuzhnyy-les-merlo-krasnoe-suhoe-137,usadba-divnomorskoe-yuzhnyy-les-merlo-krasnoe-suhoe-137,usadba-divnomorskoe-yuzhnyy-les-merlo-krasnoe-suhoe-137,1,1,False,True,Усадьба Дивноморское,0.995,17,usadba-divnomorskoe-yuzhnyy-les-merlo-krasnoe-suhoe-137|usadba-divnomorskoe-west-hill-blend-kaberne-sovinon-krasnoe-suhoe-145|usadba-divnomorskoe-solist-marselan-rozovoe-suhoe-115|usadba-divnomorskoe-marselan-marselan-krasnoe-suhoe-149|artvin-odesskiy-chernyy-rezerv-krasnoe-suhoe-13,usadba-divnomorskoe-yuzhnyy-les-merlo-krasnoe-suhoe-137|usadba-divnomorskoe-west-hill-blend-kaberne-sovinon-krasnoe-suhoe-145|usadba-divnomorskoe-solist-marselan-rozovoe-suhoe-115|usadba-divnomorskoe-marselan-marselan-krasnoe-suhoe-149|usadba-divnomorskoe-merlot-merlo-krasnoe-suhoe-149
96.83_20-08-2026_17-48-13.webp,top5_miss,needs_exact_wine,,vinodelnya-pokrovskaya-ryzhest-rkatsiteli-beloe-suhoe-11,roze-2,,,True,True,Табия,0.996,9,vinodelnya-pokrovskaya-ryzhest-rkatsiteli-beloe-suhoe-11|leto-muskat-oranzh-2024-suhoe-vino|relikta-relikta-shardone-beloe-suhoe-12|roze-2|vinodelnya-pokrovskaya-rkatsiteli-shardone-pokrovskoe-beloe-suhoe-13,roze-2|rozovoe-zoloto|czitronnyj-magaracha|bukovinka|rubin-golodrigi
96.8_25-08-2026_22-20-38.webp,top5_miss,needs_exact_wine,,aratti-risling-beloe-polusuhoe,kuban-vino-shato-tamane-aligote-beloe-suhoe-13,,,True,True,Кубань-Вино,0.9901,97,aratti-risling-beloe-polusuhoe|leto-risling-2024-polusuhoe-vino|vinodelnya-78-muskat-otbornyy-muskat-yantarnyy-beloe-suhoe-125|vinodelnya-pokrovskaya-rkatsiteli-shardone-pokrovskoe-beloe-suhoe-13|sober-bash-trezvaya-golova-risling-risling-reynskiy-beloe-suhoe-10,kuban-vino-shato-tamane-aligote-beloe-suhoe-13|aristov-anima-millesimato-beloe-bryut|kuban-vino-shato-tamane-shardone-beloe-suhoe-12|kuban-vino-vysokiy-bereg-myuller-turgau-beloe-suhoe-13|shato-taman-shardone
96.96_05-09-2026_19-02-01.webp,top1_correct,exact,denisov_rubin_klaret_krasnaya_strelka,denisov_rubin_klaret_krasnaya_strelka,denisov_rubin_klaret_krasnaya_strelka,1,1,False,True,Denisov Winery,0.9983,21,denisov_rubin_klaret_krasnaya_strelka|denisov_pino_noir_klaret|stn-winery-merlo-krasnoe-suhoe-14|denisov_pazori_risling|andryus-yutsis-muskat-blan-vione-beloe-suhoe-117,denisov_rubin_klaret_krasnaya_strelka|denisov_pino_noir_klaret|denisov_pazori_risling|denisov-winery-risling-beloe-suhoe-115|denisov-winery-pino-nuar-shardone-ekstra-bryut-beloe-125
96.98_19-08-2026_19-05-06.webp,top5_miss,needs_exact_wine,,vinodelnya-batrak-perfekt-klassik-merlo-krasnoe-suhoe-135,czitronnyj-magaracha,,,True,True,Табия,0.9971,9,vinodelnya-batrak-perfekt-klassik-merlo-krasnoe-suhoe-135|vinodelnya-pokrovskaya-ryzhest-rkatsiteli-beloe-suhoe-11|leto-kaberne-fran-2024-polusladkoe-krasnoe|vinodelnya-batrak-perfekt-klassik-kaberne-sovinon-krasnoe-suhoe-135|vinodelnya-batrak-perfekt-klassik-saperavi-krasnoe-suhoe-135,czitronnyj-magaracha|risling-1|bukovinka|pobeda|rozovoe-zoloto
97.23_05-09-2026_15-34-36.webp,top5_miss,needs_exact_wine,,leto-risling-2024-polusuhoe-vino,leto-risling-2024-polusuhoe-vino,,,False,False,,0.6642,0,leto-risling-2024-polusuhoe-vino|uva-vallis-sovinon-blan|aratti-kaberne-sovinon-2020-krasnoe-suhoe|leto-risling-2020|vinodelnya-pokrovskaya-ryzhest-rkatsiteli-beloe-suhoe-11,leto-risling-2024-polusuhoe-vino|uva-vallis-sovinon-blan|aratti-kaberne-sovinon-2020-krasnoe-suhoe|leto-risling-2020|vinodelnya-pokrovskaya-ryzhest-rkatsiteli-beloe-suhoe-11
